{
    "name": "root",
    "total": 16.26133468199987,
    "count": 1,
    "self": 0.1405656330025522,
    "children": {
        "run_training.setup": {
            "total": 0.05969787600042764,
            "count": 1,
            "self": 0.05969787600042764
        },
        "TrainerController.start_learning": {
            "total": 16.06107117299689,
            "count": 1,
            "self": 3.9536275341233704,
            "children": {
                "TrainerControllerAAI._reset_env": {
                    "total": 2.8127622860047268,
                    "count": 1,
                    "self": 2.8127622860047268
                },
                "TrainerController.advance": {
                    "total": 7.983962832862744,
                    "count": 923,
                    "self": 0.013384899968514219,
                    "children": {
                        "env_step": {
                            "total": 7.175403432906023,
                            "count": 923,
                            "self": 5.929347053126548,
                            "children": {
                                "SubprocessEnvManager._take_step": {
                                    "total": 1.2307957876473665,
                                    "count": 923,
                                    "self": 0.027010693607735448,
                                    "children": {
                                        "NNPolicy.evaluate": {
                                            "total": 1.203785094039631,
                                            "count": 923,
                                            "self": 1.203785094039631
                                        }
                                    }
                                },
                                "workers": {
                                    "total": 0.015260592132108286,
                                    "count": 922,
                                    "self": 0.0,
                                    "children": {
                                        "worker_root": {
                                            "total": 14.299905494888662,
                                            "count": 922,
                                            "is_parallel": true,
                                            "self": 9.13399420735368,
                                            "children": {
                                                "run_training.setup": {
                                                    "total": 0.0,
                                                    "count": 0,
                                                    "is_parallel": true,
                                                    "self": 0.0,
                                                    "children": {
                                                        "batched_step_result_from_proto": {
                                                            "total": 0.023669042988331057,
                                                            "count": 2,
                                                            "is_parallel": true,
                                                            "self": 0.0007600939861731604,
                                                            "children": {
                                                                "_process_visual_observation": {
                                                                    "total": 0.022467292001238093,
                                                                    "count": 2,
                                                                    "is_parallel": true,
                                                                    "self": 6.786499579902738e-05,
                                                                    "children": {
                                                                        "observation_to_np_array": {
                                                                            "total": 0.022399427005439065,
                                                                            "count": 2,
                                                                            "is_parallel": true,
                                                                            "self": 7.447300595231354e-05,
                                                                            "children": {
                                                                                "process_pixels": {
                                                                                    "total": 0.022324953999486752,
                                                                                    "count": 2,
                                                                                    "is_parallel": true,
                                                                                    "self": 0.0006164649967104197,
                                                                                    "children": {
                                                                                        "image_decompress": {
                                                                                            "total": 0.021708489002776332,
                                                                                            "count": 2,
                                                                                            "is_parallel": true,
                                                                                            "self": 0.021708489002776332
                                                                                        }
                                                                                    }
                                                                                }
                                                                            }
                                                                        }
                                                                    }
                                                                },
                                                                "_process_vector_observation": {
                                                                    "total": 0.000441657000919804,
                                                                    "count": 2,
                                                                    "is_parallel": true,
                                                                    "self": 0.000441657000919804
                                                                }
                                                            }
                                                        },
                                                        "UnityEnvironment.step": {
                                                            "total": 0.011151124999742024,
                                                            "count": 1,
                                                            "is_parallel": true,
                                                            "self": 8.441600948572159e-05,
                                                            "children": {
                                                                "UnityEnvironment._generate_step_input": {
                                                                    "total": 0.000101632991572842,
                                                                    "count": 1,
                                                                    "is_parallel": true,
                                                                    "self": 0.000101632991572842
                                                                },